{
  "accuracy": 0.8268156424581006,
  "f1_macro": 0.8133974509869859
}